WORD_ID,VOCAB_WORD
0,http
1,list
2,email
3,one
4,get
5,free
6,would
7,people
8,new
9,information
10,like
11,time
12,use
13,mailing
14,please
15,message
16,us
17,click
18,make
19,business
20,also
21,money
22,wrote
23,want
24,work
25,may
26,could
27,address
28,linux
29,even
30,send
31,know
32,first
33,way
34,see
35,need
36,mail
37,world
38,name
39,internet
40,order
41,receive
42,many
43,much
44,think
45,using
46,said
47,web
48,software
49,system
50,home
51,go
52,group
53,https
54,good
55,date
56,spam
57,find
58,well
59,company
60,users
61,subject
62,site
63,take
64,years
65,help
66,best
67,today
68,report
69,phone
70,file
71,government
72,line
73,every
74,right
75,back
76,program
77,still
78,url
79,number
80,used
81,day
82,sent
83,life
84,since
85,call
86,removed
87,service
88,two
89,available
90,without
91,change
92,check
93,made
94,form
95,within
96,credit
97,really
98,million
99,state
100,code
101,offer
102,say
103,irish
104,something
105,un
106,anyone
107,set
108,subscription
109,year
110,online
111,remove
112,problem
113,last
114,never
115,ilug
116,server
117,version
118,better
119,sponsored
120,sure
121,ca
122,link
123,another
124,per
125,give
126,days
127,maintainer
128,received
129,states
130,look
131,listmaster
132,files
133,old
134,future
135,next
136,long
137,going
138,messages
139,companies
140,must
141,easy
142,product
143,de
144,marketing
145,found
146,computer
147,got
148,great
149,wish
150,might
151,support
152,access
153,read
154,security
155,start
156,data
157,case
158,following
159,reply
160,news
161,special
162,try
163,addresses
164,different
165,things
166,page
167,keep
168,network
169,run
170,price
171,search
172,let
173,looking
174,real
175,come
176,save
177,package
178,card
179,ever
180,unsubscribe
181,less
182,united
183,works
184,actually
185,thing
186,month
187,however
188,put
189,part
190,contact
191,user
192,market
193,aug
194,heaven
195,end
196,someone
197,around
198,insurance
199,instead
200,working
201,services
202,legal
203,least
204,sites
205,point
206,yes
207,grants
208,thanks
209,simple
210,build
211,week
212,technology
213,based
214,place
215,windows
216,public
217,though
218,little
219,error
220,systems
221,times
222,programs
223,complete
224,lot
225,website
226,probably
227,products
228,able
229,welcome
230,visit
231,fax
232,perl
233,anything
234,course
235,simply
236,always
237,else
238,already
239,high
240,full
241,cost
242,hours
243,mailto
244,getting
245,cash
246,making
247,open
248,cd
249,account
250,rates
251,source
252,running
253,possible
254,dollars
255,including
256,problems
257,include
258,pay
259,sep
260,current
261,info
262,interest
263,personal
264,small
265,top
266,seems
267,provide
268,country
269,low
270,financial
271,buy
272,show
273,fact
274,example
275,orders
276,geek
277,etc
278,box
279,rpm
280,stuff
281,american
282,add
283,receiving
284,yet
285,done
286,tell
287,months
288,c
289,signature
290,says
291,everything
292,nothing
293,person
294,exmh
295,enough
296,e
297,big
298,family
299,rights
300,opportunity
301,fill
302,copy
303,changes
304,three
305,format
306,hard
307,offers
308,thinkgeek
309,others
310,issue
311,sales
312,trying
313,investment
314,release
315,total
316,job
317,rate
318,pgp
319,results
320,trade
321,experience
322,maybe
323,text
324,via
325,income
326,city
327,seen
328,communications
329,reports
330,america
331,general
332,idea
333,type
334,several
335,original
336,plus
337,value
338,large
339,either
340,true
341,yahoo
342,directory
343,rather
344,mime
345,away
346,install
347,groups
348,database
349,r
350,important
351,law
352,power
353,become
354,matthias
355,policy
356,stop
357,links
358,called
359,feel
360,bit
361,august
362,believe
363,development
364,guide
365,note
366,sell
367,razor
368,process
369,act
370,write
371,currently
372,response
373,needs
374,allow
375,kernel
376,remember
377,learn
378,question
379,key
380,thought
381,bad
382,purchase
383,folder
384,added
385,questions
386,sending
387,kind
388,thank
389,often
390,second
391,increase
392,september
393,required
394,test
395,president
396,ago
397,makes
398,jul
399,july
400,thousands
401,guaranteed
402,risk
403,return
404,control
405,mailings
406,global
407,past
408,application
409,international
410,easily
411,letter
412,whether
413,pm
414,license
415,b
416,matter
417,given
418,quality
419,war
420,live
421,quite
422,industry
423,weeks
424,emails
425,professional
426,friends
427,fast
428,word
429,local
430,man
431,whole
432,body
433,copyright
434,far
435,later
436,understand
437,hi
438,reason
439,root
440,means
441,upon
442,instructions
443,includes
444,step
445,tried
446,drive
447,apply
448,center
449,tm
450,interested
451,almost
452,office
453,customers
454,deal
455,red
456,john
457,wrong
458,started
459,mind
460,national
461,installed
462,shipping
463,lose
464,everyone
465,major
466,writes
467,details
468,plan
469,create
470,federal
471,request
472,client
473,mortgage
474,ad
475,packages
476,women
477,grant
478,nice
479,size
480,lists
481,single
482,included
483,names
484,bank
485,move
486,research
487,wed
488,customer
489,level
490,contains
491,paid
492,log
493,media
494,fork
495,guarantee
496,seem
497,regards
498,spamassassin
499,story
500,success
501,human
502,servers
503,x
504,bush
505,private
506,needed
507,tuesday
508,absolutely
509,post
510,minutes
511,share
512,immediately
513,download
514,hundreds
515,fixed
516,wo
517,temple
518,management
519,advertising
520,chris
521,soon
522,changed
523,known
524,hat
525,area
526,numbers
527,trust
528,longer
529,foreign
530,broadcast
531,limited
532,mean
533,successful
534,transaction
535,content
536,pretty
537,care
538,professionals
539,age
540,similar
541,prices
542,dear
543,machine
544,happy
545,men
546,growing
547,words
548,amount
549,method
550,microsoft
551,comes
552,enenkio
553,hope
554,domain
555,along
556,daily
557,love
558,health
559,gets
560,bulk
561,sun
562,bonus
563,usa
564,worth
565,due
566,came
567,supplied
568,notice
569,removal
570,political
571,looks
572,cell
573,half
574,hit
575,net
576,exactly
577,potential
578,discuss
579,standard
580,freedom
581,html
582,answer
583,weight
584,ask
585,lost
586,protect
587,countries
588,window
589,result
590,ok
591,entire
592,tools
593,ways
594,thu
595,tue
596,bill
597,social
598,went
599,taken
600,bug
601,follow
602,direct
603,anyway
604,claim
605,preferences
606,street
607,perhaps
608,recent
609,join
610,book
611,features
612,disk
613,default
614,pc
615,continue
616,ideas
617,training
618,happen
619,secure
620,n
621,member
622,cause
623,design
624,reading
625,xml
626,party
627,improvement
628,secret
629,reach
630,short
631,huge
632,lines
633,specific
634,en
635,members
636,engines
637,loan
638,debt
639,community
640,digital
641,living
642,performance
643,economic
644,effective
645,although
646,fine
647,five
648,assistance
649,play
650,tired
651,additional
652,told
653,turn
654,growth
655,asked
656,wanted
657,communication
658,automatically
659,millions
660,left
661,recently
662,unseen
663,designed
664,common
665,project
666,dvd
667,membership
668,hand
669,mon
670,average
671,interesting
672,newsletter
673,pages
674,useful
675,ability
676,forward
677,involved
678,update
679,force
680,cheers
681,clear
682,space
683,oz
684,ready
685,decided
686,starting
687,provided
688,building
689,billion
690,wait
691,kingdom
692,solution
693,term
694,clients
695,car
696,posted
697,natural
698,finally
699,capital
700,islands
701,sort
702,completely
703,toner
704,selling
705,advantage
706,accept
707,together
708,quick
709,networks
710,guess
711,loss
712,hour
713,goes
714,thinking
715,history
716,partners
717,unless
718,article
719,fri
720,property
721,across
722,j
723,saying
724,benefit
725,multiple
726,monday
727,extra
728,late
729,view
730,interface
731,cards
732,friend
733,india
734,quote
735,coming
736,took
737,resources
738,tool
739,p
740,select
741,id
742,processing
743,enter
744,school
745,terms
746,corporation
747,answers
748,trading
749,directly
750,false
751,issues
752,tax
753,rest
754,commercial
755,various
756,anywhere
757,applications
758,four
759,reported
760,likely
761,action
762,comment
763,gpl
764,especially
765,choose
766,main
767,kevin
768,charge
769,energy
770,stock
771,platform
772,opportunities
773,behalf
774,black
775,whatever
776,side
777,certain
778,university
779,worked
780,sex
781,oh
782,provides
783,load
784,cases
785,takes
786,latest
787,setup
788,powerful
789,unison
790,mark
791,option
792,military
793,agent
794,individuals
795,dagga
796,house
797,cartridge
798,writing
799,invoked
800,ftp
801,signed
802,retail
803,gary
804,south
805,independent
806,lawrence
807,uses
808,sense
809,businesses
810,la
811,et
812,tv
813,particular
814,fall
815,rules
816,manager
817,related
818,command
819,according
820,adam
821,knowledge
822,java
823,couple
824,aaaaaaaaaaaaaaaaaaaaaaaaaaaaaaaaaaaaaaaaaaaaaaaaaaaaaaaaaaaaaaaaaaaaaaaaaaaa
825,ragga
826,memory
827,individual
828,earn
829,fix
830,comments
831,unix
832,pick
833,section
834,valuable
835,press
836,nation
837,respect
838,unique
839,head
840,language
841,privacy
842,payment
843,record
844,listed
845,necessary
846,third
847,sorry
848,hardware
849,talking
850,heard
851,close
852,congress
853,york
854,track
855,saou
856,choice
857,intended
858,fastest
859,certainly
860,sa
861,china
862,electronic
863,alb
864,situation
865,serious
866,obligation
867,tablets
868,clean
869,base
870,discover
871,safe
872,moment
873,avoid
874,fully
875,h
876,lots
877,computers
878,script
879,commission
880,effort
881,print
882,display
883,except
884,poor
885,taking
886,robert
887,strategy
888,willing
889,thus
890,court
891,deathtospamdeathtospamdeathtospam
892,traffic
893,lowest
894,options
895,targeted
896,minute
897,paul
898,remote
899,considered
900,allows
901,submit
902,google
903,paper
904,calls
905,cvs
906,venture
907,bring
908,easier
909,existing
910,meet
911,finding
912,talk
913,administration
914,leads
915,wants
916,expect
917,folks
918,wireless
919,f
920,os
921,osdn
922,transfer
923,win
924,delete
925,field
926,present
927,gives
928,ones
929,procedure
930,early
931,murphy
932,six
933,quickly
934,beberg
935,requires
936,redhat
937,events
938,written
939,sold
940,fat
941,device
942,uk
943,face
944,apt
945,population
946,reasons
947,seventh
948,im
949,statements
950,sale
951,checks
952,chance
953,faster
954,fund
955,confidential
956,sign
957,offering
958,giving
959,male
960,review
961,class
962,suite
963,calling
964,created
965,leading
966,distribution
967,team
968,north
969,white
970,hear
971,usually
972,telephone
973,department
974,appears
975,subscribed
976,position
977,mentioned
978,leave
979,nations
980,boot
981,waiting
982,science
983,figure
984,botanical
985,custom
986,reserved
987,death
988,mass
989,plans
990,king
991,hello
992,night
993,david
994,video
995,ordering
996,actual
997,require
998,technical
999,sources
1000,dave
1001,children
1002,released
1003,society
1004,monthly
1005,connection
1006,regarding
1007,held
1008,gnupg
1009,points
1010,piece
1011,michael
1012,washington
1013,feature
1014,author
1015,attention
1016,game
1017,warning
1018,rule
1019,outside
1020,preference
1021,sender
1022,image
1023,loans
1024,versions
1025,interactive
1026,iii
1027,normal
1028,mobile
1029,exchange
1030,w
1031,exist
1032,color
1033,difference
1034,speed
1035,g
1036,l
1037,decide
1038,sometimes
1039,fun
1040,agree
1041,effect
1042,canada
1043,atoll
1044,education
1045,ads
1046,none
1047,cc
1048,father
1049,button
1050,sequences
1051,backup
1052,costs
1053,records
1054,music
1055,developed
1056,browser
1057,forever
1058,valid
1059,lower
1060,bitbitch
1061,benefits
1062,proven
1063,estate
1064,sound
1065,published
1066,protection
1067,agents
1068,funds
1069,jobs
1070,parts
1071,universe
1072,air
1073,happened
1074,justin
1075,failed
1076,usd
1077,listing
1078,generate
1079,bottom
1080,lead
1081,rich
1082,operating
1083,friday
1084,marshall
1085,headers
1086,anybody
1087,header
1088,sponsor
1089,alternative
1090,behind
1091,assume
1092,begin
1093,cable
1094,relevant
1095,target
1096,interests
1097,sequence
1098,function
1099,among
1100,whose
1101,registered
1102,rh
1103,compare
1104,laws
1105,basic
1106,difficult
1107,msgs
1108,sum
1109,west
1110,hettinga
1111,period
1112,adult
1113,unsolicited
1114,le
1115,spain
1116,board
1117,runs
1118,secrets
1119,strong
1120,port
1121,purpose
1122,items
1123,october
1124,earth
1125,apparently
1126,advertisement
1127,path
1128,consider
1129,sounds
1130,largest
1131,engineering
1132,spammers
1133,aging
1134,imagine
1135,instant
1136,watch
1137,wall
1138,trouble
1139,contract
1140,french
1141,model
1142,vulnerability
1143,ensure
1144,near
1145,statement
1146,built
1147,methods
1148,environment
1149,break
1150,college
1151,material
1152,approved
1153,procmail
1154,programming
1155,partner
1156,significant
1157,immediate
1158,oct
1159,increased
1160,asking
1161,brian
1162,dead
1163,suse
1164,moved
1165,bar
1166,smart
1167,africa
1168,regular
1169,forces
1170,places
1171,range
1172,clicking
1173,paying
1174,improve
1175,tim
1176,sexual
1177,respond
1178,official
1179,register
1180,land
1181,claims
1182,patch
1183,store
1184,director
1185,capillaris
1186,sweet
1187,noticed
1188,useless
1189,deserve
1190,road
1191,datapower
1192,sincerely
1193,europe
1194,economy
1195,investors
1196,amazing
1197,reference
1198,updated
1199,bits
1200,guys
1201,delivery
1202,gnu
1203,smoking
1204,film
1205,invest
1206,planning
1207,therefore
1208,adding
1209,perfect
1210,young
1211,paste
1212,conference
1213,previously
1214,higher
1215,tips
1216,correct
1217,spend
1218,forms
1219,projects
1220,stupid
1221,indeed
1222,ordered
1223,june
1224,series
1225,paragraph
1226,engineer
1227,negative
1228,contracts
1229,otherwise
1230,screen
1231,ms
1232,looked
1233,profit
1234,medical
1235,buying
1236,mac
1237,nigeria
1238,thursday
1239,produce
1240,handle
1241,solutions
1242,pacific
1243,lives
1244,former
1245,yeah
1246,inline
1247,thousand
1248,documents
1249,corporate
1250,accounts
1251,unlimited
1252,efforts
1253,manage
1254,extremely
1255,turned
1256,appear
1257,study
1258,decision
1259,island
1260,switch
1261,specifically
1262,document
1263,tech
1264,percent
1265,storage
1266,wife
1267,sat
1268,powell
1269,fees
1270,passed
1271,inside
1272,fair
1273,fee
1274,forwarded
1275,jabber
1276,basis
1277,string
1278,supply
1279,mode
1280,attack
1281,title
1282,hermios
1283,bottle
1284,developing
1285,alsa
1286,collection
1287,qualify
1288,enjoy
1289,intro
1290,changing
1291,fortune
1292,background
1293,hot
1294,nature
1295,excellent
1296,contents
1297,warranty
1298,books
1299,defense
1300,shows
1301,kept
1302,hold
1303,proprietary
1304,agencies
1305,discovery
1306,worldwide
1307,savings
1308,desire
1309,slow
1310,updates
1311,facts
1312,seconds
1313,central
1314,inc
1315,providing
1316,nobody
1317,assets
1318,firm
1319,policies
1320,cut
1321,saw
1322,v
1323,forget
1324,missing
1325,wednesday
1326,upgrade
1327,herba
1328,pudge
1329,jm
1330,addition
1331,opinion
1332,seven
1333,internal
1334,analysis
1335,intelligence
1336,echo
1337,host
1338,hands
1339,century
1340,rpms
1341,gone
1342,manual
1343,installation
1344,argument
1345,truth
1346,stay
1347,cat
1348,chief
1349,dream
1350,americans
1351,alone
1352,james
1353,morning
1354,garrigues
1355,refinance
1356,event
1357,k
1358,entirely
1359,european
1360,goal
1361,assist
1362,obviously
1363,bills
1364,gold
1365,gain
1366,california
1367,prevent
1368,ignore
1369,boston
1370,equipment
1371,associates
1372,god
1373,front
1374,joe
1375,directories
1376,knows
1377,status
1378,supposed
1379,reduce
1380,discovered
1381,progress
1382,miss
1383,france
1384,highly
1385,technologies
1386,prefer
1387,printer
1388,u
1389,premium
1390,exclusive
1391,issued
1392,extended
1393,competition
1394,checking
1395,tom
1396,doubt
1397,police
1398,middle
1399,tied
1400,unfortunately
1401,beginning
1402,illegal
1403,generation
1404,effects
1405,accepted
1406,dvds
1407,gcc
1408,block
1409,popular
1410,approach
1411,bugs
1412,greater
1413,enable
1414,died
1415,career
1416,engine
1417,penis
1418,anymore
1419,advanced
1420,happens
1421,permission
1422,voice
1423,checked
1424,setting
1425,int
1426,testing
1427,advice
1428,exercise
1429,reader
1430,previous
1431,helped
1432,greg
1433,markets
1434,larger
1435,water
1436,owner
1437,pain
1438,playing
1439,websites
1440,evidence
1441,express
1442,output
1443,hp
1444,ham
1445,jim
1446,mike
1447,seeing
1448,laptop
1449,el
1450,wonder
1451,worry
1452,count
1453,blood
1454,sets
1455,cbyi
1456,executive
1457,picture
1458,gift
1459,helps
1460,brain
1461,pictures
1462,focus
1463,ebay
1464,cheap
1465,searching
1466,requests
1467,separate
1468,officials
1469,pass
1470,lenders
1471,relationship
1472,production
1473,panel
1474,particularly
1475,usage
1476,dangerous
1477,php
1478,son
1479,extreme
1480,creating
1481,mostly
1482,operation
1483,smtp
1484,seek
1485,develop
1486,offered
1487,requirements
1488,drop
1489,suggest
1490,stand
1491,wealth
1492,driver
1493,desktop
1494,des
1495,zip
1496,score
1497,meaning
1498,obvious
1499,hundred
1500,errors
1501,super
1502,edition
1503,qualified
1504,selection
1505,ip
1506,wide
1507,travel
1508,promote
1509,maintain
1510,initial
1511,guy
1512,earlier
1513,attacks
1514,expected
1515,attempt
1516,laserjet
1517,woman
1518,tony
1519,profitable
1520,menu
1521,terrorism
1522,underwriting
1523,player
1524,techniques
1525,ireland
1526,input
1527,abuse
1528,cool
1529,steps
1530,rick
1531,demand
1532,generated
1533,wake
1534,steve
1535,knew
1536,limit
1537,rss
1538,english
1539,areas
1540,ten
1541,images
1542,campaign
1543,satellite
1544,shop
1545,female
1546,handling
1547,spec
1548,described
1549,advertise
1550,annuity
1551,deliver
1552,owners
1553,promise
1554,promotion
1555,vipul
1556,repository
1557,speech
1558,telecom
1559,speak
1560,btw
1561,object
1562,stated
1563,remains
1564,exists
1565,selected
1566,terrorists
1567,kids
1568,keeping
1569,organization
1570,republic
1571,putting
1572,variety
1573,suggestions
1574,machines
1575,letters
1576,dark
1577,journal
1578,quotes
1579,gnome
1580,somewhere
1581,skip
1582,majority
1583,lifetime
1584,floppy
1585,tests
1586,achieve
1587,connect
1588,bonuses
1589,generally
1590,nearly
1591,personally
1592,mother
1593,movies
1594,sample
1595,explain
1596,core
1597,supported
1598,definitely
1599,ftoc
1600,attorney
1601,fl
1602,staff
1603,concept
1604,standards
1605,values
1606,region
1607,submitted
1608,consumer
1609,teledynamics
1610,biggest
1611,despite
1612,san
1613,comprehensive
1614,judgments
1615,audio
1616,increases
1617,threat
1618,dns
1619,clearly
1620,peace
1621,refer
1622,cooperation
1623,picasso
1624,installing
1625,tree
1626,remain
1627,compliance
1628,activity
1629,caused
1630,eval
1631,behavior
1632,python
1633,roman
1634,description
1635,compiled
1636,strongly
1637,spending
1638,wondering
1639,shared
1640,coverage
1641,trial
1642,lack
1643,eventually
1644,wing
1645,folders
1646,parties
1647,shown
1648,item
1649,british
1650,les
1651,theory
1652,urgent
1653,enterprise
1654,texas
1655,mine
1656,dell
1657,mlm
1658,cds
1659,truly
1660,beyond
1661,archive
1662,profile
1663,senior
1664,location
1665,proposal
1666,instantly
1667,aware
1668,everybody
1669,gave
1670,dont
1671,brand
1672,carefully
1673,sleep
1674,hate
1675,brought
1676,auto
1677,fresh
1678,q
1679,experts
1680,fire
1681,weapons
1682,beta
1683,tx
1684,password
1685,totally
1686,domestic
1687,stable
1688,mention
1689,combination
1690,stocks
1691,improved
1692,fit
1693,supplies
1694,subscribe
1695,worst
1696,hair
1697,minimum
1698,led
1699,proper
1700,devices
1701,master
1702,exact
1703,index
1704,editor
1705,geege
1706,chinese
1707,towards
1708,al
1709,train
1710,conditions
1711,library
1712,basically
1713,strength
1714,balance
1715,stylus
1716,traditional
1717,insider
1718,category
1719,heart
1720,march
1721,euro
1722,hidden
1723,proposed
1724,light
1725,modem
1726,securities
1727,practice
1728,expand
1729,modern
1730,spent
1731,room
1732,yesterday
1733,virtual
1734,summary
1735,feet
1736,impossible
1737,identity
1738,ran
1739,materials
1740,se
1741,subscriber
1742,z
1743,profiled
1744,vacation
1745,followed
1746,bearer
1747,bigger
1748,boss
1749,guidelines
1750,england
1751,met
1752,confidence
1753,properly
1754,telling
1755,equity
1756,evil
1757,poverty
1758,dollar
1759,games
1760,visa
1761,safety
1762,table
1763,pounds
1764,somebody
1765,expensive
1766,char
1767,netscape
1768,hell
1769,modified
1770,understanding
1771,expenses
1772,food
1773,compatible
1774,allies
1775,chicago
1776,configure
1777,citizens
1778,charges
1779,solve
1780,correctly
1781,delivered
1782,agreement
1783,distance
1784,iiu
1785,burn
1786,prompt
1787,favorite
1788,documentation
1789,distributed
1790,named
1791,became
1792,posting
1793,allowed
1794,reliable
1795,edit
1796,role
1797,flow
1798,dragon
1799,moving
1800,concerns
1801,drug
1802,configuration
1803,strategies
1804,epson
1805,para
1806,reporting
1807,vous
1808,suspect
1809,announced
1810,commissions
1811,politics
1812,mailer
1813,laser
1814,spamd
1815,rating
1816,assuming
1817,responses
1818,gentle
1819,primary
1820,config
1821,edward
1822,democratic
1823,locate
1824,actions
1825,types
1826,happier
1827,boxes
1828,shares
1829,craig
1830,unsubscribed
1831,levels
1832,dieting
1833,managed
1834,corpus
1835,skills
1836,delay
1837,strange
1838,civil
1839,ground
1840,possibly
1841,ferocity
1842,external
1843,radio
1844,sendmail
1845,isp
1846,helping
1847,active
1848,releases
1849,temperature
1850,sir
1851,legally
1852,normally
1853,viagra
1854,seriously
1855,commentary
1856,realize
1857,apologize
1858,van
1859,luck
1860,databases
1861,agency
1862,feedback
1863,ssh
1864,blank
1865,stories
1866,george
1867,dan
1868,worse
1869,movie
1870,somehow
1871,hall
1872,activities
1873,watching
1874,prior
1875,style
1876,touch
1877,succeed
1878,graphics
1879,kathmandu
1880,teach
1881,usb
1882,contacts
1883,employment
1884,positive
1885,shopping
1886,module
1887,child
1888,follows
1889,startup
1890,discount
1891,critical
1892,filter
1893,verify
1894,newsletters
1895,norton
1896,obtained
1897,broken
1898,vast
1899,green
1900,summer
1901,drivers
1902,monitor
1903,reg
1904,catch
1905,drops
1906,perfectly
1907,exciting
1908,shall
1909,notes
1910,substantial
1911,licensed
1912,mailbox
1913,climate
1914,girls
1915,pour
1916,returned
1917,investments
1918,art
1919,payments
1920,western
1921,maintenance
1922,established
1923,drives
1924,association
1925,fight
1926,responsible
1927,tel
1928,fixes
1929,ignored
1930,husband
1931,driving
1932,rob
1933,neither
1934,à
1935,modules
1936,mozilla
1937,slightly
1938,culture
1939,muscle
1940,participate
1941,cents
1942,edificio
1943,lock
1944,hey
1945,barcelona
1946,phones
1947,planta
1948,starts
1949,usual
1950,banned
1951,vote
1952,partition
1953,physical
1954,highest
1955,norte
1956,solaris
1957,tag
1958,strictly
1959,losing
1960,introduce
1961,stores
1962,pricing
1963,east
1964,entry
1965,ie
1966,collect
1967,shipped
1968,detailed
1969,scheme
1970,meant
1971,pocket
1972,discussion
1973,predicting
1974,incredible
1975,apologies
1976,pop
1977,kelly
1978,grow
1979,effectively
1980,keyboard
1981,smaller
1982,spams
1983,impact
1984,aphrodisia
1985,ship
1986,sponsorship
1987,prescription
1988,binary
1989,judge
1990,ii
1991,tomorrow
1992,task
1993,regional
1994,reality
1995,criminal
1996,funny
1997,planet
1998,postal
1999,preferred
2000,peter
2001,serial
2002,whitelist
2003,instructed
2004,contain
2005,responded
2006,languages
2007,libraries
2008,currency
2009,bought
2010,instance
2011,farquhar
2012,williams
2013,mason
2014,capabilities
2015,indian
2016,wonderful
2017,herbal
2018,defined
2019,viruses
2020,unlike
2021,twice
2022,cover
2023,moore
2024,profits
2025,pablo
2026,fairly
2027,msg
2028,january
2029,sharing
2030,computing
2031,degree
2032,ah
2033,purposes
2034,defend
2035,pattern
2036,prosaka
2037,purchased
2038,easiest
2039,challenge
2040,legitimate
2041,feeling
2042,equivalence
2043,trick
2044,welch
2045,thread
2046,confused
2047,gmt
2048,turns
2049,automatic
2050,developers
2051,models
2052,pipe
2053,processes
2054,owen
2055,tags
2056,waste
2057,drugs
2058,leader
2059,saving
2060,virus
2061,judgment
2062,concerned
2063,mh
2064,hmm
2065,contained
2066,magazine
2067,meeting
2068,insert
2069,bandwidth
2070,baby
2071,bunch
2072,honest
2073,expense
2074,md
2075,placed
2076,scores
2077,random
2078,eliminate
2079,burning
2080,sunday
2081,match
2082,photos
2083,fail
2084,consumers
2085,stopped
2086,resume
2087,declaration
2088,vjestika
2089,failure
2090,networking
2091,studies
2092,dreams
2093,double
2094,recipient
2095,replace
2096,terminal
2097,warming
2098,iraq
2099,funding
2100,applied
2101,ultimate
2102,tested
2103,enemies
2104,agreed
2105,automated
2106,cold
2107,leaving
2108,elsewhere
2109,utilities
2110,â
2111,antiquity
2112,final
2113,gibbon
2114,inbox
2115,suppose
2116,recommend
2117,domains
2118,daniel
2119,austin
2120,lets
2121,hearing
2122,martin
2123,supports
2124,investor
2125,weekly
2126,tip
2127,convenience
2128,mouse
2129,annual
2130,eat
2131,compile
2132,shape
2133,recommendation
2134,gordon
2135,usefulness
2136,saturday
2137,porn
2138,debian
2139,tells
2140,happiness
2141,weekend
2142,conservative
2143,increasing
2144,operations
2145,ibm
2146,deleted
2147,oil
2148,audience
2149,hosting
2150,portion
2151,thats
2152,presented
2153,broker
2154,associated
2155,aol
2156,associate
2157,amounts
2158,anytime
2159,consultation
2160,consolidation
2161,goals
2162,managing
2163,beat
2164,tablet
2165,rohit
2166,competitive
2167,implementation
2168,authority
2169,agreeable
2170,beautiful
2171,volume
2172,ps
2173,aid
2174,proxy
2175,harley
2176,edge
2177,star
2178,reasonable
2179,fantasy
2180,adds
2181,cancer
2182,nvidia
2183,scientists
2184,enterprises
2185,nt
2186,produced
2187,provider
2188,successfully
2189,empty
2190,spray
2191,settlement
2192,thomas
2193,showing
2194,joined
2195,trusted
2196,refund
2197,conflict
2198,photo
2199,sitting
2200,apple
2201,fields
2202,articles
2203,began
2204,acquired
2205,listen
2206,threats
2207,investigation
2208,institutions
2209,massive
2210,zero
2211,exit
2212,taxes
2213,appropriate
2214,seed
2215,keys
2216,carry
2217,confirm
2218,boy
2219,african
2220,onto
2221,northern
2222,cartridges
2223,cache
2224,plenty
2225,self
2226,apps
2227,club
2228,clues
2229,miles
2230,bankruptcy
2231,powers
2232,learned
2233,capacity
2234,consulting
2235,compared
2236,duncan
2237,hence
2238,advance
2239,justice
2240,factor
2241,requested
2242,honor
2243,fails
2244,vendor
2245,london
2246,figured
2247,priority
2248,filtering
2249,confirmation
2250,persons
2251,deep
2252,img
2253,environmental
2254,grand
2255,signal
2256,rebuild
2257,union
2258,guido
2259,instruction
2260,define
2261,mr
2262,merchant
2263,buffer
2264,famous
2265,compete
2266,relatively
2267,presentation
2268,suggested
2269,blue
2270,improvements
2271,removing
2272,establish
2273,park
2274,virtually
2275,infrastructure
2276,tape
2277,subscribers
2278,television
2279,scan
2280,william
2281,keeps
2282,efficient
2283,speaking
2284,introduced
2285,combined
2286,percentage
2287,kate
2288,democracy
2289,glad
2290,door
2291,stability
2292,niall
2293,mechanism
2294,continues
2295,battery
2296,conversion
2297,los
2298,girl
2299,examples
2300,protocol
2301,unable
2302,committee
2303,universal
2304,declared
2305,destruction
2306,straight
2307,settings
2308,spammer
2309,shell
2310,seminar
2311,missed
2312,factors
2313,entering
2314,financially
2315,russia
2316,entries
2317,players
2318,rare
2319,expert
2320,practically
2321,detail
2322,socialism
2323,toll
2324,dial
2325,context
2326,disclaimer
2327,regulation
2328,length
2329,counting
2330,confidentiality
2331,seeking
2332,revenues
2333,dynamic
2334,valhalla
2335,commands
2336,equivalent
2337,marshallese
2338,tend
2339,surprised
2340,publish
2341,pressure
2342,paypal
2343,filed
2344,flag
2345,firewall
2346,chat
2347,hotel
2348,prepared
2349,depends
2350,rogers
2351,properties
2352,seemed
2353,compiler
2354,habeas
2355,acts
2356,deals
2357,vircio
2358,icq
2359,glm
2360,brent
2361,abacha
2362,empire
2363,buyers
2364,displayed
2365,ages
2366,rose
2367,channels
2368,bottles
2369,religious
2370,regardless
2371,acquire
2372,survey
2373,technique
2374,asia
2375,yellow
2376,identified
2377,attachment
2378,revision
2379,residents
2380,depending
2381,considering
2382,appreciated
2383,correspondence
2384,throughout
2385,damn
2386,matches
2387,ben
2388,revenue
2389,shot
2390,proof
2391,busy
2392,connections
2393,foundation
2394,na
2395,heavy
2396,processed
2397,joseph
2398,determine
2399,font
2400,determined
2401,reduction
2402,resulting
2403,entertainment
2404,licensing
2405,announcement
2406,killed
2407,ports
2408,pull
2409,receipt
2410,industries
2411,partnership
2412,located
2413,wanting
2414,headline
2415,formula
2416,principles
2417,obtain
2418,patent
2419,showcase
2420,freebsd
2421,inconvenience
2422,mistake
2423,matters
2424,felt
2425,imho
2426,coast
2427,frame
2428,da
2429,economics
2430,believed
2431,experienced
2432,gas
2433,leaders
2434,causes
2435,round
2436,platforms
2437,scripts
2438,stick
2439,vulnerable
2440,race
2441,retrieving
2442,ratio
2443,learning
2444,appreciate
2445,bound
2446,las
2447,december
2448,satisfaction
2449,hams
2450,governments
2451,syntax
2452,null
2453,reached
2454,plug
2455,brief
2456,clock
2457,matching
2458,launch
2459,violence
2460,skin
2461,repair
2462,variable
2463,ministry
2464,limbo
2465,creative
2466,spread
2467,cheaper
2468,absolute
2469,die
2470,serve
2471,upgrading
2472,que
2473,contacted
2474,logs
2475,developer
2476,publication
2477,believes
2478,religion
2479,commit
2480,pro
2481,granted
2482,terrorist
2483,providers
2484,dependency
2485,comfortable
2486,containing
2487,rely
2488,crap
2489,scam
2490,native
2491,unknown
2492,wholesale
2493,odd
2494,naturally
2495,listings
2496,becomes
2497,older
2498,implement
2499,town
